Date;Open;High;Low;Close;Volume
25/05/2020;19.48;19.56;19.26;19.48;3.758.000.000
22/05/2020;18.8;18.9;18.35;18.67;6.884.000.000
21/05/2020;19.5;19.77;19.07;19.19;8.092.000.000
20/05/2020;19.09;19.44;19.06;19.3;7.412.000.000
19/05/2020;18.51;18.93;18.41;18.68;7.969.000.000
18/05/2020;18.1;18.54;17.92;18.54;11.600.000.000
15/05/2020;17.99;18.19;17.15;17.15;13.287.000.000
14/05/2020;17.4;17.47;16.72;17.4;11.869.000.000
13/05/2020;18.26;18.35;17.52;17.59;8.670.000.000
12/05/2020;18.53;18.83;18.13;18.14;7.045.000.000
11/05/2020;18.3;18.93;18.11;18.15;6.454.000.000
08/05/2020;17.74;18.58;17.71;18.48;8.259.000.000
07/05/2020;17.75;17.87;17.35;17.44;8.091.000.000
06/05/2020;17.87;18.06;17.28;17.28;6.694.000.000
05/05/2020;17.9;18.48;17.87;17.94;7.453.000.000
04/05/2020;17.43;17.62;17.18;17.38;5.967.000.000
30/04/2020;17.98;18.42;17.7;18.05;7.940.000.000
29/04/2020;17.8;18.48;17.53;18.2;9.405.000.000
28/04/2020;17.04;17.25;16.63;17.25;9.114.000.000
27/04/2020;16.14;16.53;15.78;16.45;8.557.000.000
24/04/2020;16.69;16.79;15.28;15.95;16.018.000.000
23/04/2020;17.2;17.43;16.62;16.95;9.432.000.000
22/04/2020;15.85;16.75;15.78;16.75;11.426.000.000
20/04/2020;15.48;16.33;15.34;15.95;13.287.000.000
17/04/2020;15.75;16.13;15.56;16.13;11.622.000.000
16/04/2020;16.67;16.76;15.53;15.72;11.322.000.000
15/04/2020;16.04;16.47;15.86;16.38;8.629.000.000
14/04/2020;17.02;17.3;16.61;16.73;9.049.000.000
13/04/2020;16.82;17.09;16.33;16.93;9.326.000.000
09/04/2020;17.94;18.69;16.5;16.82;18.487.000.000
08/04/2020;16.5;17.53;16.4;17.32;11.458.000.000
07/04/2020;16.61;17.07;16.34;16.4;13.972.000.000
06/04/2020;16.05;16.1;15.18;15.77;12.254.000.000
03/04/2020;16.3;16.36;14.93;15.34;14.201.000.000
02/04/2020;15.4;16.55;15.01;15.51;23.381.000.000
01/04/2020;13.45;14.55;13.32;14.3;11.348.000.000
31/03/2020;13.6;14.54;13.6;13.99;15.531.000.000
30/03/2020;13.15;13.74;12.83;13.38;11.053.000.000
27/03/2020;13.3;13.69;13.25;13.3;10.033.000.000
26/03/2020;14.4;15.19;13.81;14.39;12.959.000.000
25/03/2020;13.24;14.79;12.83;14.32;15.733.000.000
24/03/2020;12.57;13.54;12.28;13.25;11.340.000.000
23/03/2020;12.11;12.18;11.28;11.5;10.611.000.000
20/03/2020;13.11;13.5;11.83;12;14.824.000.000
19/03/2020;11.07;13.07;10.85;12.21;15.541.000.000
18/03/2020;11.79;12.29;10.87;11.29;16.141.000.000
17/03/2020;13.6;13.84;13;13;14.805.000.000
16/03/2020;12.91;14.1;12.55;13.09;12.535.000.000
13/03/2020;15.1;15.4;12.7;15.4;17.305.000.000
12/03/2020;13.66;13.86;11.08;12.6;14.999.000.000
11/03/2020;16.7;17.13;15;15.85;12.976.000.000
10/03/2020;18.65;18.65;16.37;17.56;16.949.000.000
09/03/2020;17.81;18.23;15.41;16.05;25.282.000.000
06/03/2020;24.1;24.13;22.55;22.83;13.860.000.000
05/03/2020;26.33;26.67;24.71;25.29;6.972.000.000
04/03/2020;26.91;26.94;26.24;26.89;4.232.000.000
03/03/2020;26.57;27.48;25.76;26.05;8.686.000.000
02/03/2020;25.5;26.75;25.48;26.53;7.160.000.000
28/02/2020;25.16;25.56;24.62;25.34;8.910.000.000
27/02/2020;25.72;26.53;24.89;25.3;10.011.000.000
26/02/2020;27.04;27.39;26.03;26.21;8.921.000.000
21/02/2020;29.51;29.68;29.03;29.14;4.781.000.000
20/02/2020;30.8;30.89;29.75;29.92;7.352.000.000
19/02/2020;29.87;30.55;29.76;30.55;4.418.000.000
18/02/2020;29.06;29.77;28.95;29.75;3.389.000.000
17/02/2020;29.63;29.77;29.31;29.36;3.868.000.000
14/02/2020;29.86;29.96;29.34;29.42;3.040.000.000
13/02/2020;29.77;30.21;29.64;29.72;5.528.000.000
12/02/2020;29.64;30.28;29.63;30.13;6.485.000.000
11/02/2020;29.4;29.63;29.26;29.48;3.752.000.000
10/02/2020;28.89;29.13;28.64;29.13;4.533.000.000
07/02/2020;29;29.35;28.73;28.93;5.451.000.000
06/02/2020;28.7;29.51;28.12;29.18;12.611.000.000
05/02/2020;29.05;29.22;28.39;28.39;6.799.000.000
04/02/2020;28.65;29.04;28.56;28.63;5.766.000.000
03/02/2020;28.52;28.73;28.16;28.18;3.945.000.000
31/01/2020;28.63;28.84;28.31;28.45;5.545.000.000
30/01/2020;28.28;29.04;28.18;28.94;4.427.000.000
29/01/2020;29;29.08;28.67;28.85;4.230.000.000
28/01/2020;28.43;29.14;28.42;28.8;4.726.000.000
27/01/2020;28.63;28.64;27.67;28.03;6.611.000.000
24/01/2020;29.56;29.78;29.14;29.3;3.690.000.000
23/01/2020;29.09;29.76;28.82;29.6;5.375.000.000
22/01/2020;29.73;29.81;29.27;29.29;3.249.000.000
21/01/2020;29.8;29.94;29.55;29.62;2.858.000.000
20/01/2020;29.7;30.1;29.65;30;3.124.000.000
17/01/2020;29.72;29.85;29.54;29.85;3.491.000.000
16/01/2020;29.6;29.7;29.33;29.52;2.900.000.000
15/01/2020;29.9;29.93;29.54;29.55;3.441.000.000
14/01/2020;30.23;30.27;29.77;30;3.980.000.000
13/01/2020;30.35;30.43;30.21;30.33;3.068.000.000
10/01/2020;30.39;30.44;30.13;30.27;2.540.000.000
09/01/2020;30.47;30.62;30.25;30.4;3.610.000.000
08/01/2020;30.69;30.77;30.24;30.5;4.822.000.000
07/01/2020;30.82;30.88;30.47;30.69;3.282.000.000
06/01/2020;30.43;30.94;29.95;30.81;8.184.000.000
03/01/2020;30.88;31.24;30.45;30.45;7.160.000.000
02/01/2020;30.51;30.7;30.31;30.7;3.777.000.000
30/12/2019;30.55;30.71;30.15;30.18;2.211.000.000
27/12/2019;30.69;30.92;30.29;30.52;2.500.000.000
26/12/2019;30.17;30.51;30.09;30.49;2.481.000.000
23/12/2019;29.78;30.09;29.62;30.09;2.197.000.000
20/12/2019;30.18;30.18;29.61;29.85;9.306.000.000
19/12/2019;30.04;30.33;30.01;30.19;3.970.000.000
18/12/2019;29.35;30.15;29.3;30.12;6.420.000.000
17/12/2019;29.24;29.49;29.03;29.44;4.068.000.000
16/12/2019;29.64;29.76;29.01;29.01;6.887.000.000
13/12/2019;30.47;30.55;29.46;29.57;10.500.000.000
12/12/2019;30.64;31.05;30.48;30.97;4.780.000.000
11/12/2019;30.51;30.71;30.26;30.4;3.846.000.000
10/12/2019;30.1;30.44;29.9;30.44;2.753.000.000
09/12/2019;30.3;30.48;30.12;30.21;3.469.000.000
06/12/2019;30.15;30.59;30.13;30.35;4.435.000.000
05/12/2019;29.64;30.39;29.52;30.05;5.045.000.000
04/12/2019;29.26;29.66;29.11;29.66;4.496.000.000
03/12/2019;29.17;29.19;28.73;28.98;2.919.000.000
02/12/2019;29.4;29.5;29.07;29.07;3.135.000.000
29/11/2019;29.49;29.56;29.01;29.15;3.770.000.000
28/11/2019;29.32;29.54;28.81;29.53;4.660.000.000
27/11/2019;29.35;29.65;29.14;29.33;3.307.000.000
26/11/2019;29.62;29.73;29.1;29.19;5.415.000.000
25/11/2019;29.92;30.1;29.63;29.73;2.987.000.000
22/11/2019;29.76;30.34;29.56;29.98;3.479.000.000
21/11/2019;28.93;29.85;28.88;29.85;5.303.000.000
19/11/2019;29.25;29.49;28.73;28.78;3.374.000.000
18/11/2019;29.7;29.85;29.07;29.08;5.447.000.000
14/11/2019;29.88;30.1;29.27;29.3;4.460.000.000
13/11/2019;29.95;30.13;29.61;29.9;4.183.000.000
12/11/2019;30.04;30.61;30.01;30.02;4.166.000.000
11/11/2019;29.65;30.25;29.59;30.25;3.057.000.000
08/11/2019;30.25;30.59;29.73;29.82;6.157.000.000
07/11/2019;29.8;30.87;29.35;30.7;9.633.000.000
06/11/2019;29.85;30.5;27.92;29.51;15.400.000.000
05/11/2019;30.21;30.4;29.39;29.46;9.298.000.000
04/11/2019;30.69;31.01;29.76;30.16;8.102.000.000
01/11/2019;30.39;31.02;29.64;30.23;10.085.000.000
31/10/2019;29.66;30.26;29.45;30.19;6.662.000.000
30/10/2019;29.57;29.89;29.28;29.88;6.269.000.000
29/10/2019;29.21;29.74;29.07;29.62;4.975.000.000
28/10/2019;29.22;29.66;29.12;29.6;3.725.000.000
25/10/2019;29.2;29.55;29.01;29.25;7.414.000.000
24/10/2019;29.15;29.25;28.23;28.32;6.012.000.000
23/10/2019;28.53;29.08;28.45;28.95;4.578.000.000
22/10/2019;27.8;28.68;27.77;28.57;6.374.000.000
21/10/2019;27.75;27.81;27.6;27.77;4.316.000.000
18/10/2019;27.89;27.99;27.6;27.6;3.574.000.000
17/10/2019;27.93;28;27.59;27.66;3.106.000.000
16/10/2019;27.55;27.97;27.36;27.93;3.131.000.000
15/10/2019;27.31;27.88;27.31;27.6;3.011.000.000
14/10/2019;27.04;27.33;26.94;27.31;2.067.000.000
11/10/2019;26.93;27.36;26.93;27.26;3.683.000.000
10/10/2019;26.59;26.88;26.54;26.74;3.071.000.000
09/10/2019;26.35;26.71;26.15;26.52;3.487.000.000
08/10/2019;26.17;26.44;25.95;26.02;3.014.000.000
07/10/2019;26.37;26.6;26.1;26.17;2.606.000.000
04/10/2019;26.85;26.92;26.27;26.51;4.766.000.000
03/10/2019;26.75;26.81;26.28;26.74;4.584.000.000
02/10/2019;27.22;27.26;26.61;26.72;5.090.000.000
01/10/2019;27.6;27.73;27.36;27.51;3.222.000.000
30/09/2019;27.56;27.64;27.4;27.55;2.298.000.000
27/09/2019;27.55;27.95;27.52;27.66;3.182.000.000
26/09/2019;27.4;27.7;27.23;27.7;3.347.000.000
25/09/2019;27.03;27.35;26.78;27.34;2.896.000.000
24/09/2019;27.42;27.54;27.15;27.27;3.653.000.000
23/09/2019;27;27.49;26.92;27.48;3.251.000.000
20/09/2019;27.35;27.43;27;27;5.158.000.000
19/09/2019;27.83;27.85;27.22;27.29;4.198.000.000
18/09/2019;27.37;27.49;27.22;27.22;4.014.000.000
17/09/2019;27.66;27.75;27.16;27.69;6.714.000.000
16/09/2019;28.12;28.24;27.69;28.06;16.697.000.000
13/09/2019;27.12;27.2;26.82;26.88;2.453.000.000
12/09/2019;26.86;27.14;26.64;27.06;4.066.000.000
11/09/2019;27.35;27.35;26.83;26.87;5.121.000.000
10/09/2019;27.05;27.35;26.78;27.1;4.396.000.000
09/09/2019;26.75;27.02;26.7;26.93;3.712.000.000
06/09/2019;26.4;26.86;26.2;26.52;4.834.000.000
05/09/2019;26.6;26.79;26.34;26.39;4.838.000.000
04/09/2019;26.16;26.37;26;26.26;5.600.000.000
03/09/2019;25.11;25.66;25.03;25.6;4.762.000.000
02/09/2019;25.39;25.58;25.25;25.3;1.895.000.000
30/08/2019;25.53;25.69;25.17;25.5;5.453.000.000
29/08/2019;24.9;25.5;24.68;25.5;6.065.000.000
28/08/2019;24.2;24.7;24.12;24.59;4.169.000.000
27/08/2019;24.17;24.82;23.81;24.34;7.023.000.000
26/08/2019;24.58;24.68;23.77;23.96;3.819.000.000
23/08/2019;24.78;25.37;24.23;24.28;5.780.000.000
22/08/2019;25.5;25.72;25.16;25.22;4.052.000.000
21/08/2019;24.35;25.99;24.18;25.45;8.726.000.000
20/08/2019;23.91;24.19;23.68;24.02;3.665.000.000
19/08/2019;24.3;24.5;23.85;24.03;5.050.000.000
16/08/2019;24.72;24.77;23.89;23.91;5.586.000.000
15/08/2019;24.99;25;24.14;24.23;5.331.000.000
14/08/2019;25.26;25.38;24.78;24.92;5.399.000.000
13/08/2019;25.36;26.13;25.23;25.79;4.514.000.000
12/08/2019;25.72;25.72;25.34;25.45;3.574.000.000
09/08/2019;26.09;26.48;25.9;26.08;3.641.000.000
08/08/2019;25.9;26.14;25.66;26.14;5.006.000.000
07/08/2019;25.24;25.53;24.81;25.4;6.744.000.000
06/08/2019;25.7;26.02;25.48;25.68;4.389.000.000
05/08/2019;25.6;25.93;25.32;25.35;4.773.000.000
02/08/2019;26.16;26.68;26.08;26.31;6.372.000.000
01/08/2019;26.3;26.56;25.16;25.6;9.121.000.000
31/07/2019;26.39;26.5;26.02;26.08;3.967.000.000
30/07/2019;26.35;26.49;26.18;26.24;3.801.000.000
29/07/2019;26.22;26.44;25.96;26.38;2.628.000.000
26/07/2019;26.8;26.8;26.1;26.14;7.514.000.000
25/07/2019;27.47;27.5;26.81;26.89;2.671.000.000
24/07/2019;27.59;27.64;27.3;27.35;2.781.000.000
23/07/2019;27.51;27.63;27.4;27.52;2.104.000.000
22/07/2019;27.62;27.75;27.36;27.49;2.210.000.000
19/07/2019;27.5;27.6;27.37;27.44;2.818.000.000
18/07/2019;27.76;27.81;27.43;27.51;3.549.000.000
17/07/2019;27.99;28;27.64;27.68;2.877.000.000
16/07/2019;28.28;28.33;27.6;27.83;5.459.000.000
15/07/2019;28.59;28.65;28.18;28.18;3.632.000.000
12/07/2019;28.54;28.74;28.41;28.53;4.058.000.000
11/07/2019;28.2;28.51;28.16;28.4;4.810.000.000
10/07/2019;28;28.27;27.97;28.07;5.055.000.000
08/07/2019;27.5;27.72;27.44;27.65;2.498.000.000
05/07/2019;27.27;27.59;27.13;27.4;2.731.000.000
04/07/2019;27.38;27.58;27.32;27.39;2.837.000.000
03/07/2019;27.04;27.2;26.89;27.13;3.382.000.000
02/07/2019;27.26;27.26;26.65;26.82;5.757.000.000
01/07/2019;27.84;28.03;27.21;27.26;4.645.000.000
28/06/2019;27.45;27.61;27.11;27.41;3.985.000.000
27/06/2019;27.44;27.55;27.01;27.23;5.492.000.000
26/06/2019;27.55;27.93;27.52;27.67;4.861.000.000
25/06/2019;28.14;28.16;27.38;27.51;5.618.000.000
24/06/2019;28.32;28.38;28.12;28.25;2.727.000.000
21/06/2019;27.95;28.39;27.95;28.28;5.828.000.000
19/06/2019;27.35;27.59;27.22;27.52;3.277.000.000
18/06/2019;27.3;27.52;27.25;27.45;3.120.000.000
17/06/2019;27.08;27.43;26.96;27.11;4.874.000.000
14/06/2019;27.2;27.25;26.9;27.06;4.262.000.000
13/06/2019;27.15;27.39;27.08;27.18;4.861.000.000
12/06/2019;27.02;27.12;26.64;26.85;4.327.000.000
11/06/2019;26.89;27.29;26.71;27.16;5.211.000.000
10/06/2019;26.6;26.89;26.52;26.65;3.953.000.000
07/06/2019;26.69;26.83;26.37;26.76;5.196.000.000
06/06/2019;26.17;26.63;25.72;26.28;8.711.000.000
05/06/2019;26.18;26.29;25.56;25.86;6.506.000.000
04/06/2019;26.29;26.37;26.03;26.2;3.705.000.000
03/06/2019;25.88;26.32;25.85;25.99;5.322.000.000
31/05/2019;25.79;26.27;25.42;25.55;6.291.000.000
30/05/2019;26.51;26.86;25.99;26.15;7.145.000.000
29/05/2019;26.49;26.71;26.26;26.5;4.296.000.000
28/05/2019;26.13;26.8;26.13;26.8;6.037.000.000
27/05/2019;26.3;26.54;26.17;26.24;3.374.000.000
24/05/2019;26.15;26.36;25.93;26.09;3.576.000.000
23/05/2019;25.9;25.92;25.52;25.84;4.929.000.000
22/05/2019;26.34;26.47;25.96;26.29;4.827.000.000
21/05/2019;25.6;26.39;25.32;26.39;5.763.000.000
20/05/2019;24.59;25.42;24.55;25.42;5.417.000.000
17/05/2019;24.96;25.32;24.38;24.59;6.682.000.000
16/05/2019;25.67;25.94;25.14;25.17;4.619.000.000
15/05/2019;25.64;25.79;25.56;25.78;3.669.000.000
14/05/2019;26.07;26.13;25.75;25.9;3.486.000.000
13/05/2019;26.11;26.37;25.72;25.8;4.275.000.000
10/05/2019;26.77;26.82;26.32;26.58;3.319.000.000
09/05/2019;27.1;27.12;26.64;26.83;4.650.000.000
08/05/2019;26.31;27.47;26.29;27.37;7.154.000.000
07/05/2019;26.65;26.66;26.12;26.35;5.219.000.000
06/05/2019;26.39;26.77;26.36;26.77;3.154.000.000
03/05/2019;26.9;27.07;26.85;26.85;3.288.000.000
02/05/2019;26.8;26.82;26.52;26.73;3.762.000.000
30/04/2019;27.52;27.66;26.98;27.11;3.927.000.000
29/04/2019;27.55;27.62;27.34;27.37;2.754.000.000
26/04/2019;27.68;27.77;27.06;27.25;5.243.000.000
25/04/2019;27.43;28.05;27.41;27.78;5.475.000.000
24/04/2019;27.7;27.87;27.19;27.58;5.755.000.000
23/04/2019;27.7;27.98;27.66;27.66;5.179.000.000
22/04/2019;27.67;27.87;27.3;27.42;4.482.000.000
18/04/2019;27.34;27.87;27.23;27.58;9.989.000.000
17/04/2019;27.1;27.32;26.2;26.73;10.357.000.000
16/04/2019;25.93;27.04;25.61;26.7;9.449.000.000
15/04/2019;26.33;26.56;25.53;25.91;11.678.000.000
12/04/2019;26.47;26.97;25.57;25.83;22.731.000.000
11/04/2019;28.7;28.7;27.87;28;5.590.000.000
10/04/2019;29.55;29.57;28.78;28.78;6.155.000.000
09/04/2019;29.03;29.24;28.67;29.16;4.371.000.000
08/04/2019;29.06;29.39;28.98;29.25;5.484.000.000
05/04/2019;28.54;28.89;28.21;28.78;5.447.000.000
04/04/2019;27.77;28.47;27.37;28.47;5.201.000.000
03/04/2019;28.53;28.56;27.54;27.54;5.476.000.000
02/04/2019;28.14;28.3;27.86;28.29;3.778.000.000
01/04/2019;28.4;28.42;27.87;28;4.201.000.000
29/03/2019;28.45;28.53;27.74;28.06;5.143.000.000
28/03/2019;27.25;28.06;26.95;28.06;6.919.000.000
27/03/2019;28.21;28.21;27.34;27.34;6.484.000.000
26/03/2019;27.74;28.68;27.72;28.63;9.121.000.000
25/03/2019;26.83;27.59;26.82;27.34;10.444.000.000
22/03/2019;27.94;28.14;27;27;10.403.000.000
21/03/2019;28.84;28.97;27.92;28.56;7.997.000.000
20/03/2019;29.2;29.6;28.9;28.97;6.821.000.000
19/03/2019;28.85;29.5;28.6;29.2;6.909.000.000
18/03/2019;28.35;28.79;28.26;28.74;9.163.000.000
15/03/2019;28.16;28.39;28.11;28.25;6.086.000.000
14/03/2019;28.15;28.2;27.91;28.19;4.250.000.000
13/03/2019;27.59;28.13;27.52;28.1;6.082.000.000
12/03/2019;27.79;27.96;27.25;27.5;6.382.000.000
11/03/2019;27.02;27.78;27.01;27.75;6.624.000.000
08/03/2019;26.49;26.75;26.22;26.67;4.956.000.000
07/03/2019;26.8;26.91;26.49;26.77;3.284.000.000
06/03/2019;26.55;26.76;26.47;26.76;1.842.000.000
01/03/2019;27.14;27.25;26.63;26.7;4.198.000.000
28/02/2019;26.76;27.75;26.6;27.06;9.307.000.000
27/02/2019;26.84;27.25;26.63;27.08;4.913.000.000
26/02/2019;26.76;27.14;26.57;26.58;4.650.000.000
25/02/2019;27;27.03;26.63;26.7;5.419.000.000
22/02/2019;27.55;27.7;27.13;27.13;3.660.000.000
21/02/2019;27.18;27.49;26.82;27.4;4.656.000.000
20/02/2019;27.5;27.66;26.87;27.04;5.511.000.000
19/02/2019;26.86;27.4;26.84;27.38;5.804.000.000
18/02/2019;26.59;26.79;26.41;26.76;4.338.000.000
15/02/2019;26.86;27.02;26.71;26.84;6.384.000.000
14/02/2019;26.17;26.95;26;26.95;8.113.000.000
13/02/2019;26.02;26.21;25.85;26.05;6.904.000.000
12/02/2019;25.32;25.85;25.23;25.72;7.247.000.000
11/02/2019;25.17;25.17;24.54;24.84;3.962.000.000
08/02/2019;24.8;25.28;24.73;25.13;4.015.000.000
07/02/2019;25.6;25.85;24.66;25.09;5.561.000.000
06/02/2019;25.8;25.84;25.32;25.49;6.453.000.000
05/02/2019;25.91;26.1;25.81;26.05;4.099.000.000
04/02/2019;25.84;26.12;25.6;26.03;5.387.000.000
01/02/2019;25.5;25.85;25.37;25.8;4.796.000.000
31/01/2019;25.87;25.96;25.56;25.58;6.325.000.000
30/01/2019;25.81;25.93;25.47;25.62;6.261.000.000
29/01/2019;25.25;25.56;25.11;25.37;5.942.000.000
28/01/2019;25.29;25.53;24.74;24.77;6.508.000.000
24/01/2019;25.4;25.54;25.32;25.54;4.011.000.000
23/01/2019;25.33;25.54;25.16;25.43;5.293.000.000
22/01/2019;25.26;25.5;25.02;25.13;6.131.000.000
21/01/2019;25.31;25.53;25.1;25.53;4.534.000.000
18/01/2019;25.44;25.56;25.28;25.4;6.702.000.000
17/01/2019;24.75;25.3;24.68;25.16;5.036.000.000
16/01/2019;24.8;24.9;24.66;24.82;4.043.000.000
15/01/2019;24.83;25.12;24.7;24.83;5.373.000.000
14/01/2019;24.82;25.09;24.66;24.85;4.658.000.000
11/01/2019;25.15;25.19;24.84;24.99;5.398.000.000
10/01/2019;25.26;25.41;25.07;25.26;5.476.000.000
09/01/2019;25.3;25.5;25.15;25.48;7.018.000.000
08/01/2019;25.4;25.42;24.77;24.96;6.876.000.000
07/01/2019;24.85;25.92;24.7;25.11;12.171.000.000
04/01/2019;24.85;24.94;24.47;24.72;7.212.000.000
03/01/2019;24.33;24.82;23.8;24.65;9.521.000.000
02/01/2019;22.55;24.2;22.28;24.06;10.453.000.000
28/12/2018;22.11;22.83;22.08;22.68;6.163.000.000
27/12/2018;21.52;21.98;21.28;21.67;7.408.000.000
26/12/2018;20.59;21.68;20.42;21.68;7.710.000.000
21/12/2018;20.7;21.27;20.56;20.85;9.038.000.000
20/12/2018;21.59;21.59;20.66;20.79;14.177.000.000
19/12/2018;21.77;22.3;21.34;21.53;17.116.000.000
18/12/2018;22.04;22.06;21.29;21.29;7.474.000.000
17/12/2018;22.47;22.51;22.06;22.13;5.383.000.000
14/12/2018;22.33;22.57;22.21;22.3;4.523.000.000
13/12/2018;22.53;22.69;22.21;22.6;6.195.000.000
12/12/2018;22.97;23.12;22.45;22.54;6.330.000.000
11/12/2018;23.14;23.29;22.32;22.53;6.402.000.000
10/12/2018;23.97;24.09;22.68;22.68;7.387.000.000
07/12/2018;23.72;24.64;23.66;23.97;8.799.000.000
06/12/2018;24.18;24.3;23.52;23.79;9.904.000.000
05/12/2018;24.64;24.88;24.14;24.73;5.418.000.000
04/12/2018;25.4;25.47;24.52;24.52;6.687.000.000
03/12/2018;25.45;25.67;24.96;25.1;9.053.000.000
30/11/2018;24.29;24.73;24.26;24.63;9.087.000.000
29/11/2018;24.15;24.67;24.07;24.35;6.558.000.000
28/11/2018;24.67;25.03;24.24;24.56;9.281.000.000
27/11/2018;23.58;24.87;23.48;24.7;9.076.000.000
26/11/2018;23.99;24.18;23.27;23.46;6.211.000.000
23/11/2018;23.85;23.99;23.23;23.58;7.796.000.000
22/11/2018;24.46;24.54;24.26;24.33;3.125.000.000
21/11/2018;24.19;24.55;24.1;24.26;7.723.000.000
19/11/2018;24.63;25.34;24.51;25.06;7.995.000.000
16/11/2018;24.47;25.09;24.26;24.86;10.063.000.000
14/11/2018;23.36;24.27;23.04;24.19;10.442.000.000
13/11/2018;24.4;24.4;23.08;23.36;11.278.000.000
12/11/2018;24.61;24.98;24.37;24.41;6.316.000.000
09/11/2018;24.28;24.79;23.78;24.54;9.421.000.000
08/11/2018;25.83;26.05;24.43;24.43;11.910.000.000
07/11/2018;25.9;26.65;25.31;25.34;9.582.000.000
06/11/2018;26.31;27.27;26.01;26.2;9.534.000.000
05/11/2018;26.5;27.14;26.41;27.14;6.039.000.000
01/11/2018;26.75;27;26.13;26.33;9.730.000.000
31/10/2018;27.23;27.3;26.31;26.62;8.377.000.000
30/10/2018;25.73;26.98;25.46;26.98;10.624.000.000
29/10/2018;27.69;27.7;25.03;25.46;16.028.000.000
26/10/2018;25.68;26.6;25.17;26.6;10.858.000.000
25/10/2018;25.23;25.67;24.76;25.36;7.921.000.000
24/10/2018;25.45;26.01;24.75;24.75;9.282.000.000
23/10/2018;25.2;25.52;24.87;25.25;7.714.000.000
22/10/2018;25.32;25.63;25.32;25.57;6.334.000.000
19/10/2018;25.2;25.34;24.79;24.98;6.168.000.000
18/10/2018;25.34;25.38;24.77;24.77;5.597.000.000
17/10/2018;25.48;25.66;25.31;25.49;8.082.000.000
16/10/2018;25.25;25.76;25.14;25.76;7.361.000.000
15/10/2018;24.96;25.17;24.62;24.83;9.209.000.000
11/10/2018;25.59;25.78;24.15;24.37;11.880.000.000
10/10/2018;25.35;25.43;24.72;25.1;8.217.000.000
09/10/2018;25.52;26.02;25.33;25.85;8.956.000.000
08/10/2018;25.96;25.99;24.81;25.63;18.749.000.000
05/10/2018;23.6;23.7;22.8;23.09;10.428.000.000
04/10/2018;22.6;23.63;22.37;23.15;9.889.000.000
03/10/2018;24.33;24.5;22.61;22.93;15.133.000.000
02/10/2018;21.2;21.99;21.1;21.99;12.685.000.000
01/10/2018;20.48;20.58;20.04;20.24;5.619.000.000
28/09/2018;20.36;21.14;20.26;20.32;9.091.000.000
27/09/2018;19.76;20.68;19.73;20.68;10.351.000.000
26/09/2018;19.5;19.56;19.24;19.46;5.992.000.000
25/09/2018;18.98;19.42;18.82;19.35;5.383.000.000
24/09/2018;19.47;19.67;19.2;19.27;5.407.000.000
21/09/2018;19.42;19.56;19.23;19.41;5.828.000.000
20/09/2018;19.52;19.61;19.03;19.15;5.600.000.000
19/09/2018;19.21;19.72;19.11;19.25;6.035.000.000
18/09/2018;18.79;19.51;18.76;19.51;7.244.000.000
17/09/2018;17.95;18.78;17.95;18.7;7.108.000.000
14/09/2018;18.12;18.27;17.81;18.11;5.554.000.000
13/09/2018;18.34;18.44;17.94;18.03;3.648.000.000
12/09/2018;18.13;18.52;17.96;18.26;5.950.000.000
11/09/2018;18.18;18.2;17.76;17.83;5.609.000.000
10/09/2018;18.66;18.89;18.36;18.56;5.785.000.000
06/09/2018;18.3;18.33;17.81;18.3;5.142.000.000
05/09/2018;17.89;18.12;17.57;17.97;5.371.000.000
04/09/2018;18.44;18.49;17.94;17.97;3.954.000.000
03/09/2018;18.3;18.44;18.08;18.31;2.519.000.000
31/08/2018;18.26;18.72;18.22;18.56;7.544.000.000
30/08/2018;18.45;18.83;18;18.12;6.369.000.000
29/08/2018;17.83;18.61;17.78;18.6;7.108.000.000
28/08/2018;18.08;18.17;17.67;17.68;3.772.000.000
27/08/2018;17.74;18.08;17.64;18.03;3.527.000.000
24/08/2018;17.68;17.77;17.39;17.64;3.772.000.000
23/08/2018;17.68;17.85;17.23;17.3;5.612.000.000
22/08/2018;17.06;17.71;17.01;17.68;5.636.000.000
21/08/2018;17.61;17.86;17.01;17.08;6.840.000.000
20/08/2018;17.7;17.84;17.43;17.69;5.591.000.000
17/08/2018;18.07;18.17;17.73;17.79;6.803.000.000
16/08/2018;18.62;18.65;18.09;18.26;5.095.000.000
15/08/2018;18.93;18.96;18.36;18.36;6.501.000.000
14/08/2018;19.54;19.57;19.01;19.25;5.496.000.000
13/08/2018;18.74;19.26;18.52;19.26;5.805.000.000
10/08/2018;19.32;19.37;18.61;18.83;6.144.000.000
09/08/2018;19.48;19.56;19.03;19.55;5.090.000.000
08/08/2018;20;20.25;19.34;19.36;5.751.000.000
07/08/2018;20.5;20.63;19.77;19.91;6.835.000.000
06/08/2018;20.33;20.64;20.17;20.23;4.414.000.000
03/08/2018;20.57;20.72;20.27;20.29;8.609.000.000
02/08/2018;19.81;19.98;19.18;19.62;6.811.000.000
01/08/2018;18.83;19.23;18.78;19.23;3.866.000.000
31/07/2018;18.86;19.02;18.72;18.96;3.852.000.000
30/07/2018;19.18;19.32;18.94;19.12;3.695.000.000
27/07/2018;18.84;19.04;18.79;19;3.632.000.000
26/07/2018;19.18;19.18;18.62;18.66;4.789.000.000
25/07/2018;19.03;19.23;18.85;19.19;4.846.000.000
24/07/2018;18.81;19.1;18.77;18.9;3.977.000.000
23/07/2018;18.55;18.72;18.47;18.51;3.497.000.000
20/07/2018;18.43;18.73;18.2;18.54;9.766.000.000
19/07/2018;17.15;17.69;17.05;17.69;5.935.000.000
18/07/2018;17.54;17.69;17.25;17.35;4.028.000.000
17/07/2018;17.1;17.69;17.02;17.58;4.046.000.000
16/07/2018;17.25;17.28;16.92;17.19;6.244.000.000
13/07/2018;17.29;17.48;17.09;17.41;4.481.000.000
12/07/2018;16.94;17.32;16.84;17.25;4.910.000.000
11/07/2018;16.81;17.38;16.63;16.74;8.554.000.000
10/07/2018;17.63;17.64;16.87;17.06;7.052.000.000
06/07/2018;17.27;17.39;16.97;17.25;3.365.000.000
05/07/2018;17.88;18.07;16.97;17.17;7.558.000.000
04/07/2018;16.71;17.74;16.57;17.74;5.372.000.000
03/07/2018;17.05;17.2;16.78;16.82;5.657.000.000
02/07/2018;16.33;16.8;16.25;16.79;5.421.000.000
29/06/2018;16.2;16.52;16.08;16.52;7.513.000.000
28/06/2018;16.07;16.41;15.7;15.96;9.445.000.000
27/06/2018;15.48;16.32;15.44;15.91;7.789.000.000
26/06/2018;15.28;15.5;14.93;15.42;5.933.000.000
25/06/2018;14.61;15.18;14.48;15.09;5.989.000.000
22/06/2018;14.81;15.07;14.43;14.52;5.193.000.000
21/06/2018;15.47;15.69;14.52;14.52;6.749.000.000
20/06/2018;15.63;15.84;15.19;15.58;8.795.000.000
19/06/2018;13.71;15.11;13.62;14.82;9.703.000.000
18/06/2018;14.2;14.31;13.94;13.94;4.678.000.000
15/06/2018;14.45;14.49;13.91;14.39;7.442.000.000
14/06/2018;14.74;14.95;14.47;14.52;5.697.000.000
13/06/2018;14.82;14.9;14.17;14.58;7.167.000.000
12/06/2018;14.88;15.07;14.65;14.86;6.915.000.000
11/06/2018;14.9;15.19;14.54;14.81;4.447.000.000
08/06/2018;15.2;15.56;14.48;14.66;9.091.000.000
07/06/2018;15.38;15.53;14.35;15.15;11.827.000.000
06/06/2018;15.83;16.03;15.26;15.7;6.902.000.000
05/06/2018;16.69;17.11;15.95;15.95;6.647.000.000
04/06/2018;16.62;16.96;16.39;16.85;9.306.000.000
01/06/2018;18.8;18.99;14.32;15.53;21.514.000.000
30/05/2018;17.68;19.2;17.43;18.24;12.491.000.000
29/05/2018;17.3;18.69;16.92;18.55;18.097.000.000
28/05/2018;18.46;18.46;16.26;16.26;13.265.000.000
25/05/2018;19.85;20.45;18.9;19.03;13.119.000.000
24/05/2018;19.27;19.95;18.89;19.3;23.758.000.000
23/05/2018;23.29;23.53;22.37;22.37;7.414.000.000
22/05/2018;23.85;24.31;23.21;23.75;8.788.000.000
21/05/2018;25.04;25.22;23.93;24.03;7.517.000.000
18/05/2018;23.99;25.11;23.95;24.61;8.299.000.000
17/05/2018;26.24;26.48;24.43;24.9;11.184.000.000
16/05/2018;25.78;26.41;25.75;26.28;6.423.000.000
15/05/2018;25.28;25.81;24.84;25.7;7.481.000.000
14/05/2018;24.8;25.4;24.76;25.17;6.634.000.000
11/05/2018;24.78;25.24;24.39;24.41;7.266.000.000
10/05/2018;24.12;25.41;23.91;24.7;12.670.000.000
09/05/2018;22.35;23.79;22.28;23.77;11.766.000.000
08/05/2018;22.12;22.21;21.6;21.98;8.099.000.000
07/05/2018;21.65;22.23;21.58;21.73;4.770.000.000
04/05/2018;21.54;21.72;21.36;21.36;3.304.000.000
03/05/2018;21.62;21.72;21.08;21.54;4.869.000.000
02/05/2018;21.75;22;21.59;21.68;3.148.000.000
30/04/2018;21.81;22.08;21.71;22.04;2.352.000.000
27/04/2018;21.91;22;21.74;21.79;3.760.000.000
26/04/2018;21.11;21.71;21.08;21.71;5.642.000.000
25/04/2018;21.12;21.23;20.79;20.85;6.777.000.000
24/04/2018;21.68;21.84;21.33;21.49;4.632.000.000
23/04/2018;21.19;21.57;21.05;21.57;3.690.000.000
20/04/2018;21.16;21.55;21.01;21.45;6.138.000.000
19/04/2018;21.17;21.49;21.04;21.3;6.240.000.000
18/04/2018;20.48;20.98;20.44;20.91;6.508.000.000
17/04/2018;19.86;20.22;19.78;20.18;3.647.000.000
16/04/2018;20.19;20.38;19.76;19.78;4.822.000.000
13/04/2018;20.76;20.86;20.2;20.34;4.306.000.000
12/04/2018;20.9;21.05;20.8;20.8;3.615.000.000
11/04/2018;20.48;21.01;20.46;20.91;6.216.000.000
10/04/2018;20.06;20.64;19.92;20.53;5.837.000.000
09/04/2018;20.56;20.57;19.7;19.7;4.400.000.000
06/04/2018;20.13;20.41;19.98;20.41;4.777.000.000
05/04/2018;20.29;20.46;20.18;20.29;8.845.000.000
04/04/2018;19.48;19.76;19.29;19.55;5.809.000.000
03/04/2018;20.25;20.33;19.82;19.87;3.909.000.000
02/04/2018;20.49;20.59;19.93;20.05;3.698.000.000
29/03/2018;20.4;20.68;20.37;20.54;3.414.000.000
28/03/2018;20.4;20.54;20.14;20.34;3.839.000.000
27/03/2018;21.24;21.28;20.5;20.57;4.337.000.000
26/03/2018;21.17;21.3;20.95;21.13;2.981.000.000
23/03/2018;20.73;21.21;20.65;20.87;5.272.000.000
22/03/2018;20.97;21.14;20.7;20.84;4.984.000.000
21/03/2018;20.39;21.19;20.34;21.15;5.280.000.000
20/03/2018;20.32;20.54;20.25;20.3;2.995.000.000
19/03/2018;20.41;20.49;20.01;20.08;4.197.000.000
16/03/2018;20.6;20.86;20.37;20.56;5.769.000.000
15/03/2018;21.15;21.28;20.44;20.44;8.054.000.000
14/03/2018;21.39;21.53;21.19;21.47;3.174.000.000
13/03/2018;21.54;21.62;21.16;21.21;3.458.000.000
12/03/2018;21.62;21.67;21.33;21.42;3.190.000.000
09/03/2018;20.89;21.48;20.71;21.48;4.556.000.000
08/03/2018;20.96;20.99;20.45;20.82;3.616.000.000
07/03/2018;20.81;21.08;20.5;20.79;5.096.000.000
06/03/2018;21.59;21.71;20.97;21.01;5.724.000.000
05/03/2018;20.62;21.27;20.49;21.22;5.424.000.000
02/03/2018;19.86;20.64;19.68;20.64;5.268.000.000
01/03/2018;20.53;20.59;19.92;20.18;6.638.000.000
28/02/2018;20.75;20.89;20.32;20.59;6.623.000.000
27/02/2018;20.6;20.96;20.47;20.63;4.291.000.000
26/02/2018;20.53;20.81;20.51;20.65;4.816.000.000
23/02/2018;20.1;20.28;19.78;20.26;5.576.000.000
22/02/2018;19.75;19.97;19.7;19.9;3.817.000.000
21/02/2018;19.75;20.03;19.43;19.43;5.568.000.000
20/02/2018;19.07;19.97;19.01;19.61;6.742.000.000
19/02/2018;18.76;19.28;18.76;19.23;4.093.000.000
16/02/2018;18.67;18.78;18.52;18.63;3.474.000.000
15/02/2018;18.71;18.75;18.39;18.61;3.198.000.000
14/02/2018;18.24;18.57;18.19;18.47;4.340.000.000
09/02/2018;18.26;18.6;17.76;18.01;6.873.000.000
08/02/2018;18.76;18.94;18.04;18.28;5.112.000.000
07/02/2018;19.16;19.4;18.57;18.65;6.191.000.000
06/02/2018;17.9;19.18;17.86;19.18;7.415.000.000
05/02/2018;18.85;19.16;18.27;18.27;6.227.000.000
02/02/2018;19.47;19.59;19.04;19.16;5.066.000.000
01/02/2018;18.96;19.78;18.96;19.69;5.195.000.000
31/01/2018;18.94;19.12;18.88;18.9;4.158.000.000
30/01/2018;18.97;18.97;18.57;18.7;4.620.000.000
29/01/2018;18.87;19.23;18.77;19.04;5.573.000.000
26/01/2018;18.82;19.17;18.32;19.12;8.199.000.000
24/01/2018;17.67;18.83;17.67;18.55;8.977.000.000
23/01/2018;17.65;17.71;17.27;17.55;3.983.000.000
22/01/2018;17.52;17.72;17.35;17.72;3.392.000.000
19/01/2018;17.57;17.67;17.3;17.52;3.347.000.000
18/01/2018;17.6;17.78;17.2;17.48;4.858.000.000
17/01/2018;17.19;17.61;17.09;17.61;5.849.000.000
16/01/2018;16.64;17.11;16.6;16.93;5.862.000.000
15/01/2018;16.62;16.73;16.45;16.64;2.895.000.000
12/01/2018;16.35;16.7;16.33;16.6;4.591.000.000
11/01/2018;16.19;16.6;16.16;16.55;3.792.000.000
10/01/2018;16.23;16.36;16.09;16.12;2.855.000.000
09/01/2018;16.34;16.46;16.27;16.34;3.507.000.000
08/01/2018;16.06;16.34;16.03;16.34;2.840.000.000
05/01/2018;16.02;16.17;15.9;16.15;2.696.000.000
04/01/2018;16.1;16.27;15.94;16.05;3.706.000.000
03/01/2018;15.82;16.04;15.7;16.02;5.594.000.000
02/01/2018;15.53;15.88;15.53;15.88;3.346.000.000
28/12/2017;15.45;15.47;15.35;15.45;1.901.000.000
27/12/2017;15.34;15.48;15.33;15.4;2.355.000.000
26/12/2017;15.11;15.34;15.05;15.32;2.217.000.000
22/12/2017;15.11;15.24;15.05;15.11;1.871.000.000
21/12/2017;14.69;15.22;14.68;15.22;4.722.000.000
20/12/2017;14.59;14.68;14.55;14.62;2.015.000.000
19/12/2017;14.56;14.63;14.45;14.52;2.264.000.000
18/12/2017;14.54;14.71;14.52;14.6;4.276.000.000
15/12/2017;14.44;14.62;14.34;14.34;5.567.000.000
14/12/2017;14.49;14.69;14.39;14.4;3.718.000.000
13/12/2017;15.01;15.04;14.5;14.56;4.683.000.000
12/12/2017;14.74;14.86;14.56;14.86;3.620.000.000
11/12/2017;14.85;14.94;14.75;14.75;2.128.000.000
08/12/2017;14.88;15.04;14.73;14.73;3.958.000.000
07/12/2017;14.68;14.86;14.46;14.64;3.728.000.000
06/12/2017;14.6;15.06;14.52;14.89;3.924.000.000
05/12/2017;14.87;15.19;14.59;14.69;3.023.000.000
04/12/2017;15.01;15.16;14.83;14.85;4.382.000.000
01/12/2017;14.72;15.13;14.64;14.98;4.270.000.000
30/11/2017;14.68;14.84;14.38;14.75;5.281.000.000
29/11/2017;15.22;15.27;14.7;14.71;4.597.000.000
28/11/2017;15.28;15.39;15.17;15.2;3.043.000.000
27/11/2017;15.36;15.37;15.14;15.22;2.845.000.000
24/11/2017;15.59;15.7;15.39;15.45;1.879.000.000
23/11/2017;15.33;15.6;15.29;15.53;1.540.000.000
22/11/2017;15.44;15.58;15.28;15.46;3.744.000.000
21/11/2017;15.49;15.65;15.21;15.25;4.582.000.000
17/11/2017;15.27;15.46;15.17;15.37;3.838.000.000
16/11/2017;14.98;15.39;14.85;15.17;4.270.000.000
14/11/2017;15.83;15.85;14.66;14.73;8.877.000.000
13/11/2017;16.01;16.09;15.72;15.96;2.870.000.000
10/11/2017;16.03;16.13;15.84;16.04;3.596.000.000
09/11/2017;16.2;16.25;16.04;16.04;2.940.000.000
08/11/2017;16.01;16.26;15.84;16.26;4.118.000.000
07/11/2017;16.61;16.64;15.83;15.83;6.110.000.000
06/11/2017;16.36;16.73;16.29;16.72;4.606.000.000
03/11/2017;16.27;16.32;16;16.25;3.261.000.000
01/11/2017;16.3;16.4;16.19;16.21;3.888.000.000
31/10/2017;16.21;16.26;16.04;16.09;3.225.000.000
30/10/2017;16.28;16.47;16.06;16.1;5.536.000.000
27/10/2017;16.09;16.4;15.97;16.34;4.564.000.000
26/10/2017;16.1;16.2;15.98;16.05;3.785.000.000
25/10/2017;15.86;16.05;15.78;16.04;3.761.000.000
24/10/2017;15.62;15.84;15.51;15.84;4.625.000.000
23/10/2017;15.63;15.63;15.46;15.54;2.939.000.000
20/10/2017;15.53;15.72;15.51;15.56;3.242.000.000
19/10/2017;15.35;15.5;15.25;15.49;2.467.000.000
18/10/2017;15.56;15.62;15.47;15.5;2.571.000.000
17/10/2017;15.48;15.56;15.42;15.47;2.552.000.000
16/10/2017;15.5;15.6;15.35;15.46;4.470.000.000
13/10/2017;15.57;15.63;15.41;15.43;2.392.000.000
11/10/2017;15.51;15.59;15.36;15.43;4.030.000.000
10/10/2017;15.47;15.53;15.36;15.53;4.689.000.000
09/10/2017;14.98;15.24;14.96;15.24;2.759.000.000
06/10/2017;15.02;15.13;14.91;15.05;4.154.000.000
05/10/2017;15.23;15.46;15.21;15.25;5.481.000.000
04/10/2017;15.25;15.29;15.01;15.02;4.757.000.000
03/10/2017;14.97;15.33;14.89;15.33;5.031.000.000
02/10/2017;14.57;14.77;14.45;14.77;2.967.000.000
29/09/2017;14.87;14.89;14.68;14.68;2.839.000.000
28/09/2017;14.75;14.87;14.6;14.72;3.361.000.000
27/09/2017;15.06;15.08;14.5;14.69;4.145.000.000
26/09/2017;15.22;15.25;14.93;14.93;3.762.000.000
25/09/2017;15.15;15.31;15.06;15.2;3.636.000.000
22/09/2017;14.97;15.16;14.8;15.05;4.080.000.000
21/09/2017;15.21;15.31;14.95;15.03;4.605.000.000
20/09/2017;14.63;15.23;14.46;15.22;7.982.000.000
19/09/2017;14.49;14.55;14.31;14.52;3.556.000.000
18/09/2017;14.41;14.57;14.37;14.43;4.713.000.000
15/09/2017;14.46;14.55;14.38;14.43;4.744.000.000
14/09/2017;14.42;14.64;14.41;14.43;3.402.000.000
13/09/2017;14.33;14.49;14.21;14.42;3.683.000.000
12/09/2017;14.37;14.54;14.26;14.27;4.939.000.000
11/09/2017;14.28;14.44;14.21;14.38;3.476.000.000
08/09/2017;14.49;14.53;14.09;14.11;3.553.000.000
06/09/2017;14.05;14.41;13.92;14.41;6.756.000.000
05/09/2017;13.98;14.05;13.65;13.82;5.617.000.000
04/09/2017;13.39;13.6;13.37;13.59;1.795.000.000
01/09/2017;13.29;13.61;13.26;13.45;5.990.000.000
31/08/2017;12.98;13.21;12.92;13.1;8.268.000.000
30/08/2017;13.23;13.34;12.89;12.9;5.796.000.000
29/08/2017;13.2;13.29;13.12;13.29;2.707.000.000
28/08/2017;13.36;13.46;13.2;13.31;2.704.000.000
25/08/2017;13.31;13.37;13.25;13.32;2.405.000.000
24/08/2017;13.22;13.33;13.12;13.24;3.203.000.000
23/08/2017;13.22;13.36;13.1;13.2;4.748.000.000
22/08/2017;13.14;13.31;13.09;13.23;5.476.000.000
21/08/2017;13.09;13.1;12.74;12.8;3.958.000.000
18/08/2017;12.62;13.05;12.62;13.05;6.589.000.000
17/08/2017;12.59;12.72;12.49;12.52;2.313.000.000
16/08/2017;12.76;12.84;12.57;12.6;4.474.000.000
15/08/2017;12.55;12.7;12.52;12.62;2.411.000.000
14/08/2017;12.45;12.68;12.39;12.55;3.140.000.000
11/08/2017;12.61;12.66;12.41;12.42;4.200.000.000
10/08/2017;13.05;13.1;12.62;12.65;5.580.000.000
09/08/2017;12.96;13.06;12.89;12.97;2.674.000.000
08/08/2017;12.95;13.13;12.91;12.94;2.891.000.000
07/08/2017;12.81;13.07;12.79;13;2.968.000.000
04/08/2017;12.86;12.93;12.72;12.86;2.147.000.000
03/08/2017;13.02;13.1;12.77;12.77;3.108.000.000
02/08/2017;12.6;13.06;12.55;12.96;4.585.000.000
01/08/2017;12.76;12.78;12.55;12.59;2.253.000.000
31/07/2017;12.68;12.77;12.54;12.75;3.115.000.000
28/07/2017;12.45;12.6;12.39;12.6;2.075.000.000
27/07/2017;12.52;12.63;12.47;12.47;2.150.000.000
26/07/2017;12.76;12.8;12.45;12.45;2.894.000.000
25/07/2017;12.48;12.71;12.48;12.68;2.951.000.000
24/07/2017;12.31;12.39;12.25;12.36;1.612.000.000
21/07/2017;12.47;12.51;12.15;12.17;3.840.000.000
20/07/2017;12.75;12.81;12.5;12.57;2.962.000.000
19/07/2017;12.47;12.73;12.44;12.69;3.633.000.000
18/07/2017;12.47;12.49;12.31;12.41;1.903.000.000
17/07/2017;12.5;12.52;12.35;12.37;2.795.000.000
14/07/2017;12.43;12.53;12.39;12.52;3.580.000.000
13/07/2017;12.43;12.51;12.28;12.35;3.280.000.000
12/07/2017;12.13;12.46;12;12.41;6.604.000.000
11/07/2017;11.46;11.94;11.42;11.83;4.521.000.000
10/07/2017;11.35;11.52;11.26;11.49;2.145.000.000
07/07/2017;11.64;11.68;11.37;11.45;4.237.000.000
06/07/2017;11.78;11.86;11.59;11.68;5.174.000.000
05/07/2017;11.88;12.01;11.63;11.71;4.169.000.000
04/07/2017;11.84;11.92;11.82;11.92;1.242.000.000
03/07/2017;11.78;11.91;11.72;11.86;3.126.000.000
30/06/2017;11.75;11.97;11.69;11.87;2.950.000.000
29/06/2017;11.76;11.8;11.6;11.68;2.418.000.000
28/06/2017;11.77;11.82;11.52;11.59;3.133.000.000
27/06/2017;11.84;11.97;11.64;11.71;4.486.000.000
26/06/2017;11.61;11.8;11.55;11.77;4.240.000.000
23/06/2017;11.62;11.66;11.39;11.45;3.321.000.000
22/06/2017;11.28;11.55;11.24;11.55;4.190.000.000
21/06/2017;11.46;11.63;11.12;11.17;5.849.000.000
20/06/2017;11.63;11.64;11.28;11.38;5.371.000.000
19/06/2017;11.81;11.96;11.72;11.79;4.576.000.000
16/06/2017;12.07;12.08;11.71;11.78;7.309.000.000
14/06/2017;12.41;12.51;12.1;12.11;6.707.000.000
13/06/2017;12.42;12.49;12.25;12.41;2.272.000.000
12/06/2017;12.44;12.5;12.25;12.38;3.048.000.000
09/06/2017;12.43;12.57;12.31;12.33;3.019.000.000
08/06/2017;12.26;12.43;12.19;12.32;2.753.000.000
07/06/2017;12.74;12.8;12.29;12.35;4.402.000.000
06/06/2017;12.69;12.79;12.5;12.64;3.535.000.000
05/06/2017;12.43;12.7;12.39;12.64;3.126.000.000
02/06/2017;12.27;12.52;12.16;12.52;4.287.000.000
01/06/2017;12.62;12.75;12.3;12.3;4.261.000.000
31/05/2017;12.67;12.77;12.42;12.43;4.466.000.000
30/05/2017;13;13.09;12.82;12.82;3.444.000.000
29/05/2017;13.04;13.21;13;13.02;1.591.000.000
26/05/2017;12.92;13.23;12.86;13.12;6.310.000.000
25/05/2017;13.4;13.61;13.08;13.18;4.484.000.000
24/05/2017;13.19;13.52;13.13;13.37;5.398.000.000
23/05/2017;12.9;13.05;12.84;12.94;4.835.000.000
22/05/2017;12.81;12.96;12.47;12.86;5.477.000.000
19/05/2017;13.19;13.34;12.91;13.07;7.051.000.000
18/05/2017;11.94;13.43;11.94;12.62;14.238.000.000
17/05/2017;14.93;15.08;14.88;14.98;2.981.000.000
16/05/2017;15.13;15.14;14.89;15.06;3.409.000.000
15/05/2017;15.13;15.22;15.01;15.04;4.670.000.000
12/05/2017;14.87;14.95;14.73;14.82;8.299.000.000
11/05/2017;14.28;14.31;14.04;14.22;2.882.000.000
10/05/2017;13.76;14.15;13.73;14.13;4.607.000.000
09/05/2017;13.57;13.66;13.47;13.57;2.776.000.000
08/05/2017;13.56;13.77;13.41;13.51;3.635.000.000
05/05/2017;13.13;13.63;13.1;13.63;3.261.000.000
04/05/2017;13.43;13.43;13.03;13.05;3.747.000.000
03/05/2017;13.47;13.67;13.38;13.58;3.765.000.000
02/05/2017;13.49;13.76;13.29;13.42;3.760.000.000
28/04/2017;13.29;13.53;13.13;13.4;3.087.000.000
27/04/2017;13.42;13.46;13.01;13.17;2.891.000.000
26/04/2017;13.58;13.9;13.43;13.43;3.672.000.000
25/04/2017;13.34;13.76;13.24;13.76;3.188.000.000
24/04/2017;13.56;13.58;13.35;13.46;2.736.000.000
20/04/2017;13.24;13.34;13.08;13.32;2.788.000.000
19/04/2017;13.66;13.7;13;13.05;4.083.000.000
18/04/2017;13.57;13.79;13.38;13.53;4.520.000.000
17/04/2017;13.57;13.77;13.4;13.7;4.605.000.000
13/04/2017;14.05;14.09;13.51;13.51;4.421.000.000
12/04/2017;14.01;14.23;13.99;14.05;4.245.000.000
